principal_id,tokens
c2c6j-722ky-pnurz-sfhtg-p36de-3kjkr-sukce-mihdx-avf5m-k2zmh-3qe,58802.24353
ypz3h-ocfcg-wa3fg-ts7lx-txe3n-7zpsb-rza6r-eyvva-ynx4j-gcegx-pae,80513.84114
6d4b3-dxyei-j3lzc-6vd4v-3jvk4-rr7vj-vfx76-ilajm-qykkr-m22nw-rqe,80513.84114
coewo-jghva-g3frz-vrmbi-ihjrd-fsvec-7ibah-pgmhn-onr5q-4nfjh-kqe,80513.84114
qweni-qpvjh-yjqvt-otpm2-yxcrw-e6leg-7vjas-v2mpu-dht23-yklka-bae,80513.84114
v3lam-ksnmz-ujkke-ql5yz-shx6g-sx6gp-uiood-ojt4z-pz2ue-bm5ns-tae,80513.84114
ou6jv-f7fq4-qyxui-w3b2t-irnog-msfmp-txel5-uvtru-75qhs-kf6pz-vqe,11760.44871
q3wpm-qabll-oaqev-5yuki-wxdze-w4sha-zdsji-6nepo-dr2ug-msjq5-aae,58802.24353
4jbpm-tbzil-hs7ys-ooqla-uqcwc-ytzrk-smcci-nhuqc-7iaob-7moap-7qe,80513.84114
ud4fi-3snnt-2fcdp-zz5km-u5i6d-tf3um-mizoe-2zhht-x52bm-4nta6-cae,80513.84114
bsusy-u3q6j-oxiya-5va2o-iyc2x-zt2cb-lh3xx-r7qj4-qaeii-xgpgy-eqe,11760.44871
5eqwq-vpvqw-3ozsy-uzhh6-vf67o-tpj4s-vi5q7-l6mi4-ihtou-m3li6-rae,38899.94572
kbpzm-ksepg-aa7cb-jwjfh-vskge-ef7j2-umo7n-p4kcu-u6u4p-wh256-5qe,38899.94572
ver3t-k32i6-ggy3q-d2236-qg7be-zwuma-v2mbw-rjfzi-4d4yp-jnqom-5qe,11760.44871
ukiup-tuj6a-atsmi-ccigs-4m72j-uupqi-hypoo-gpl6h-zhngk-xvrc6-7qe,11760.44871
b44xj-wciwi-v5tcp-djy4l-5wims-aqwlv-xc2wh-t7pj3-rpqou-3rqwf-6ae,38899.94572
csaom-qj73o-s7ahs-b3kc5-twrdd-4jwkv-npro4-fsjn6-di274-vdobq-hqe,11760.44871
rle6w-6pnln-dmlsc-25c22-h7w6f-vlygr-ux2mx-bn323-ddimh-tvigm-eqe,58802.24353
hun64-xy5ax-d5chr-6j22t-celhh-fxrms-rsen4-r6727-4rlea-gealb-xae,11760.44871
kiwmn-dbznh-6nqqo-lbmpk-g5v4b-cjcu3-ssd4w-rwwrg-ks4qb-iczj4-2qe,38899.94572
hahre-qu7g6-vczlt-idbnk-xi6mc-qmxbq-igt3g-qzak6-3ofso-3df2v-3ae,80513.84114
u4uhn-dbbz2-aw4gt-4zemk-b5sby-7yoou-3ntho-gcdfu-swifl-pvxqz-dae,11760.44871
s2x42-cyiab-owyaq-wqpwx-w4zh4-cfn3y-swugn-bofuy-znvqy-bfrwc-2ae,11760.44871
uord6-xp22h-6kn5i-4wrjz-yazxa-eukc4-hfgj7-nadxn-jjjrq-ovkwj-fae,11760.44871
wvyd5-ub46t-2mbpw-ismlk-upukh-vmx4u-5vxyd-7qgj7-vpdkz-blogd-lae,11760.44871
b4l7h-hg3qu-f5jk3-n2afj-swmb3-kgkyt-laqor-nqrxn-jdhci-7kpne-eqe,80513.84114
rbl3y-7hcqy-ib3xn-j3ffj-a5lxe-23xp6-hrfqa-xgd22-njojd-647pd-gqe,11760.44871
iv76m-p5w5k-aq6il-fi4ln-dv55p-mndza-fg3dz-vrdp5-jzhhi-e4e4a-2ae,80513.84114
ilvog-gd4ms-5dstj-i47dv-l5t6b-4ei5k-tyfxo-hbafl-krgja-oltxx-xae,80513.84114
nngwa-nfsvc-c4qcj-nmdet-zhmit-5f2x3-iyg6p-p6ftk-n4u6a-34io2-iqe,11760.44871
gyx6i-6zub7-x3p2t-m7tfz-flepy-4owga-pxrbv-x7cer-e6ebr-54uw7-2qe,80513.84114
nnpu5-xs2ih-3hj6v-yon6h-dbp2t-fqsoh-4cdm3-a5uhy-phuuo-u7c7d-7ae,80513.84114
yk5ow-bl2ct-sdahc-mpsja-gthoh-3hdc7-h622a-vvpra-c3sed-vzoj6-kae,33472.04632
tgdj3-3askw-lzpuo-5glj2-xfb7s-ursab-t2zrq-3hrph-q2p5w-xkyps-6ae,80513.84114
s76kq-sayr5-mx7zx-4k67e-gjwem-vo4ek-v4xru-bmb55-vwdkl-2maza-7qe,80513.84114
bo5fy-5d3jw-p5ait-tokxg-qvssz-vqiw2-dm6ta-yf445-722oe-cl23g-yae,11760.44871
56xqg-cwp6f-qpnyo-cbp3o-st2pl-jditm-tzer3-35rtc-thtv2-dohy6-wae,38899.94572
hd77w-cmoi6-lnd5d-g6xbp-uiva7-wygkj-fg27r-e3lzu-rclqs-tt6ju-aqe,80513.84114
cjsri-2u6pc-ijlmk-chjru-cic7c-lqefn-w5n5l-lmq3o-modgj-bwtjb-xae,80513.84114
pjjw5-bb67x-b63hz-6yuih-m45tz-eigqo-q2fzy-ippop-g76ab-ojic6-fqe,11760.44871
rwud6-xkik2-6kh7a-smczv-i4enf-lwbck-m4bil-ooads-qv7pw-vzzuq-7ae,80513.84114
qdhld-cq473-qt6qc-hjx6c-vssum-rkyma-2pfgq-4y5nh-64t42-4l4ux-7ae,58802.24353
wyxcf-5ilgy-3rieb-ozwhx-hduip-4kjiw-zevqx-tvsh6-tpf5e-nejwa-oqe,11760.44871
umr4l-o2ek5-acztv-uh3zi-tz2md-e4jya-kzmhc-uz2pn-lf3sx-urgyo-cae,60611.54333
xab4j-lteig-2sb6p-li2rm-r2xrk-wvn2p-lmg36-6xpcl-zot3n-m4cn2-fae,80513.84114
eeckw-mmbcf-wghdu-ymc52-immeb-spir5-xeoeb-zidei-p3ct6-j4kkz-iae,11760.44871
vxo2i-2o565-jfp42-63kv3-n3wm5-ikjvp-os3qs-4do2h-j2isi-w7q65-pae,11760.44871
q2dt7-mjeuq-yxsq3-g7th4-tyh2q-i6ydr-dvjez-qk2hv-be4dd-yrulw-yae,80513.84114
6xmei-xznhv-z6xkg-diy5r-aogdj-2r2vb-jbw3r-tz62k-5ch2u-edmhe-yqe,80513.84114
iu77h-pahml-huvf7-cbm42-qoolz-ft2v4-oyluw-sqfol-wdj3k-3jcyc-cqe,11760.44871
4q2iw-k6xal-nafdb-bn6l4-qnggl-oblsm-5usgy-yqqxw-tmytf-44cgz-pqe,80513.84114
34gzx-tsozz-nywwj-p2w2a-eo3x5-bpce4-om4rb-6wla6-5ron5-xxygj-dqe,11760.44871
jxeo5-w3dl4-ps2xu-tynvr-uads5-xse4c-6bvbc-e5itj-auyin-vdxvo-aqe,11760.44871
nssug-j4am4-epl23-yfh6z-vpqr7-uveyl-cyhfo-p5fkp-43we6-23t43-cae,80513.84114
wm5i2-f64d3-5hjpq-5mwwb-6dh4q-jjgt7-siwwk-hnjht-dl57p-kgxwc-eae,11760.44871
o26to-gfyt7-d3prm-op6hc-6ia76-blfe7-w7tc4-oznql-hwx7u-dca3t-pqe,80513.84114
yuhgc-kfuhi-qxqph-ioucf-mfkxq-vmqxv-fnqrf-e7vi4-ybcoe-fu7ij-5qe,80513.84114
zxjb2-gtzlo-d4ykp-ezslo-jzsoh-nci3s-rtko4-vqdax-mgsst-s7exg-3ae,38899.94572
niwoi-yhzem-e2ue2-qhhqs-lt7bq-ofkrq-sb3ep-vldd3-u6tzh-zzy46-vqe,11760.44871
5euh5-o63fp-pbg6g-iwkwc-kl6sq-sqmly-xen4n-3pjsn-vvvvj-gsaew-2qe,38899.94572
32qfm-jyegn-cp3ti-faush-zx3xd-t7ltw-vvwvh-sgnh7-rxkx4-izb74-rqe,80513.84114
cod2a-patow-2ievu-wwbwt-j7kvo-wjjks-44ple-psaxv-k74wc-uvsxn-pae,11760.44871
s4tcm-lk3x7-me73a-zgdmd-oeoig-khlso-2gcuu-oeqjk-lnwed-mszbd-tqe,11760.44871
djbe4-3lzoe-nf7oi-4uwb3-frwvj-57e2d-heepd-upohd-ptzs5-v3v3v-oae,33472.04632
utfsx-me4fc-3atz4-rfm5w-vwhrg-dhp6u-wrz7k-cuuqv-wedph-udh6l-lqe,11760.44871
ti2ax-zqhio-fskpd-kkbg4-jmwqn-ya5v5-zswzu-344qp-ymfca-7knyh-2qe,11760.44871
jerxs-6atj5-efzcj-niotj-pts52-mnlqc-e4orb-rmh4e-p76ea-awrxw-zqe,80513.84114
cbzq5-okiog-zdsgo-ml2mt-xpkun-aw4j5-wpxjs-tkkfi-y3n3q-vrhwl-vae,11760.44871
nnnxx-lt7aa-g4jtz-7mz6r-mh3p6-2ofut-6d73j-auqqy-dalyc-sz6zf-xqe,11760.44871
yxwqt-2nhj5-xnm2g-tsoey-5tzk5-x6y3d-66zzm-yjfy4-syfyh-6m2mj-jqe,11760.44871
njfok-3mnbv-fhio3-zgkay-srfjt-6lor5-ahd4j-tgr55-udn5b-nxfil-wqe,11760.44871
bysnt-wdqoe-pjztx-kq6tx-cprca-6sqr7-qmbgt-cr36s-iikzt-aiycf-aae,11760.44871
4i2b2-vl5t6-t4eon-p6btf-5ww4g-n6oz5-tn536-jvwje-qfb5o-2vura-dqe,80513.84114
g4sbr-behdj-obqcp-auuvi-svzu4-qwyfi-czxne-ag24c-krdzk-upg3q-mae,11760.44871
qbwsg-v4x2c-gj4qg-ujzog-kcha3-4k7ah-gmcl4-tuily-kvjo2-b6udu-nae,11760.44871
3b4t4-6nvvz-uhcxv-eivv2-aop4b-vto67-63koi-r23pt-r2lq5-4uct4-aae,38899.94572
avisa-cu4dy-ujaps-adcjg-mjiaq-fflh2-4jqun-4ny6h-77swx-q775w-wqe,11760.44871
q33xx-k2wco-6gzkm-ycz5j-y37tz-hiruc-otbyw-kt6l5-mock2-hjvo3-gae,11760.44871
tkh3u-ii3tc-uvohj-3jr5w-bggdm-csnds-hf2w2-2k2n7-ulggr-vikr5-fqe,11760.44871
bwxzp-byqnj-hmep7-wunti-is5od-gr73p-sj3z7-qpuwe-gdojl-odlid-kae,38899.94572
hocxl-73mi5-46s3l-v65zi-dm6r6-v2mfz-u4jet-qs4vd-bb3ek-uf54u-7qe,11760.44871
saejo-k2szu-lfiz5-6vinu-xox3i-x7cwn-dwlev-7dbez-iasww-ii3vd-qae,38899.94572
z43xy-ux7oc-fs2wl-w4hl6-5jgwl-wzx3a-qt7aa-7dd77-h6wbv-ae6ke-zae,11760.44871
brxe5-q67tg-ff4h6-xqhab-6dt4q-e6clk-467in-inx4m-jkn4n-m43m6-zqe,11760.44871
oo5bf-vdbwe-vcnyc-lv4ww-6bsyv-pv3ec-6eik5-mcara-osmwf-3vq52-rqe,58802.24353
72ki4-37fct-o42rb-gbz76-xgzoo-yjqjr-vomcy-xis7q-em4zh-suxhz-nqe,11760.44871
vkpqy-wck7a-gddu5-vd3yp-7qid6-u6p6p-hvga6-4btkn-bmwna-otw6q-oae,38899.94572
to5nx-halk2-3oc6u-sntom-fuqut-fzcbw-zdfcd-yrxiy-rz54c-ixwv3-eqe,80513.84114
grb3z-wcrdw-lactm-ur7xg-yqeq6-cw222-g6ysc-ydvl4-iosua-egblo-5qe,11760.44871
7dwof-7xtny-qtdjq-j5nut-lmrju-npnfc-iyvo3-ctklz-ag4ot-aspel-3qe,11760.44871
yxrnn-qzy2z-sw4oy-aj2vz-epeit-xkshn-ym7aa-4cfmf-azxr4-5tf22-7qe,11760.44871
xmsxr-kcmau-tsgbh-crod5-svy35-nr4wg-appnd-yaixd-xw3sy-w5j7m-yqe,11760.44871
jkw5p-pm7dj-h5fkf-zi2g2-2blsv-fzhec-dtcqk-c55l2-u6hhu-q5upx-3ae,80513.84114
oy4x3-wmj4w-4xgao-hced7-rikn7-utsd2-u7bjv-iwqpw-znhmf-tj6ef-tae,11760.44871
3ll3a-5oj3x-oo5nx-2cdm3-h5iiv-3z26r-34cq4-u6feb-3pcnz-keb42-6ae,11760.44871
xpviu-nbjmq-4wddk-re5dr-ogqqx-du57o-hqrsm-g7b47-ch224-erntk-7qe,11760.44871
jj6qx-yw7s5-6u5xe-wmkcv-wemq4-fahcl-c3rwe-mk3cr-zwl5j-m7kqt-7ae,11760.44871
iyjkp-6c7nh-s4tzi-4le6d-zodhb-52n7w-dirwn-3dawt-wp65u-4az2z-sae,11760.44871
fwrwo-k4yak-vv3cl-belnq-zkax3-lwdaj-atk6p-wu42a-k6gpw-33btl-uae,80513.84114
phv2g-5ncub-3brbc-q7j5k-xyljm-b6hnd-5nntu-s2xc7-disan-xk2gj-xae,38899.94572
6povd-lbode-cdr6z-g7fdx-w4doq-b3m7o-bfr4i-movlf-wt7uj-cglu4-7qe,80513.84114
nwheu-rkeys-k2t4a-loeo3-nx3e6-lnxsn-fjqcw-2rsrq-xxnoh-7qxre-mqe,11760.44871
fpnl4-zcnhm-7kjwh-zqine-4qc5n-fq6co-5pdr6-kexce-pw46q-ohb7t-dqe,11760.44871
dwcl7-lepqi-mal4r-xyrsj-pqox7-gxgfb-u53mt-urenx-yqa7j-xeklz-2qe,80513.84114
2l6zv-pyddn-dl4ep-d7hk3-cgujh-qgriu-7lxso-b3hih-4a4ny-5zlqv-jqe,11760.44871
wyzpp-zhzbx-heoua-aemtd-b2ruf-ullu4-pd2nb-2vjka-iskfs-kw5kq-qqe,11760.44871
olzcv-lp3ia-e7pzy-ggoxc-4kgjs-2peus-3amir-orwad-n4p53-gc4pa-eae,11760.44871
c7scf-vnzhc-uo3ws-cgzfq-x7dlg-n6b3b-sweey-7n4yj-qe5qt-svgtk-6ae,60611.54333
jr7hj-lswnl-vwkdb-vg4li-ngrck-u3pis-k3ymz-a4ow5-g6k4v-bbef6-gae,11760.44871
bxczk-q7uhy-c3hpm-7abkd-ou2h7-6jswh-urwfy-3ngrr-sy6se-lxle4-qqe,60611.54333
6ru5g-etubc-f4lyk-aiy7r-5n7b5-gttai-pwbtm-b6zyq-76z6g-l5jci-tqe,11760.44871
tgfj5-5hid3-anekp-bs2jf-y57uo-hwose-uv5px-gvitp-qqqew-zjubg-6qe,11760.44871
jzw7p-kgjil-22wpm-fdoxi-4sa4l-2ysxu-vsok2-i4l4v-mt3wx-cp6j7-sqe,80513.84114
hlo5v-y6op7-4bjez-tkenn-s5m77-rncti-zytah-vt2x4-cmfww-p5xsy-kae,11760.44871
voud6-hzgox-czzxi-h3h27-wzesi-gqx6r-velos-olhhz-kc477-lg2yc-qqe,11760.44871
p7unr-4frsk-axobu-ab5zs-aypyb-nsbv6-rgexd-hkojw-smzso-or7km-dae,11760.44871
7seho-uxkpb-bilcf-6pko3-py3ks-vxdms-jmda5-27ecj-3g3yx-tqpn4-xae,11760.44871
iq4gg-gn3ot-2ncme-w2jcm-cobkc-7ba7a-rdjno-2lkzz-rtef3-4ih3u-oae,80513.84114
pe2wi-k47je-v7qhp-2wcas-3oc6t-hiyne-vsssg-mejvk-wkmjc-hcpay-vae,38899.94572
jvj56-horto-seh35-f3y5r-vkall-xtiya-bjx5w-qofnd-kbcun-ifq42-4qe,38899.94572
xw4jd-zjgs4-4kg3s-76huk-5xlms-kic6h-ycvbf-htdm6-f4nyo-x3a7q-eae,38899.94572
22fe3-2u576-kdx62-mtbh5-vg4he-w3l34-xe2zx-wo36x-2co57-hcgby-dqe,38899.94572
rr66u-oo7pn-dcvm3-lmmvb-6nwmi-5o2uf-dkmii-hzyd5-fi2vm-lfgwd-xqe,38899.94572
rqyv3-zgsab-abwvd-c5mi4-g7tyu-nkecf-qie47-6skip-rc366-arx2d-cae,38899.94572
bxfsy-m4bvm-ridzd-qjboa-4ayek-j2hor-7pc43-guwow-b4iq5-eamfz-eae,38899.94572
qencn-vf2mx-4oshg-cm7dw-7h77j-badqa-3w7tw-757ds-5yniz-rzc3n-2ae,38899.94572
cvfq4-rfvxb-y6wau-odpot-le4ro-m3mmf-plewf-5qf25-jphe5-qlxpn-hae,11760.44871
a6b36-kjd5o-nivmn-hzg2h-eh22x-ceqf3-ay6to-jdf4u-g2lzu-miz2g-xqe,58802.24353
5htyh-kx2lh-vkzew-kkviw-nmfin-bcja5-epf2c-tktul-ufsrj-uczdj-oqe,58802.24353
umjr3-2qtpy-j7f4z-7ocbk-bxwrl-vmlaa-64lrw-trlp2-qvqm7-ycldm-gae,58802.24353
owdct-76abv-try5v-67anu-uofw5-ncmlk-cgvd5-upmu5-gmb3r-a7nps-2qe,11760.44871
7qocr-kulrr-lwwjt-os7zw-m6jjm-ltua6-wnfo4-ahhip-jtug6-yq2ab-eae,11760.44871
5hbqs-2hhln-wteuh-fqdon-c2uwu-wxlqh-d5uml-ytujd-5l3ch-wvoga-uqe,11760.44871
hkyfw-cb7xt-jvbez-xddhe-bskuj-q7ebv-owaov-upmex-kxe6y-h4kh7-yae,11760.44871
q7uc3-kzbxp-bb2he-emmxx-gjavr-sy5kn-kesyk-2wkyi-4qvhz-mzvcu-tae,11760.44871
a2uim-7dgcl-c5pkr-ydrmi-p6lcf-be54w-6z6l7-wajno-p4oa5-n7cfy-kae,11760.44871
hvx64-labxs-xkt4e-jc6om-px3ve-ic3o4-24z2r-q6bcq-eqwlj-k5izt-lqe,11760.44871
b4vzv-yulob-zeavm-cklth-cqiiq-k2t6j-2oxgm-o4pic-x3u3g-36tmp-qae,80513.84114
gcx6z-mzvqv-pe3zr-ab7pk-bg3eh-qhwqm-b2xtl-y3zrk-dyoh5-5sqvj-qqe,11760.44871
k2egp-3zow5-7smjd-jzica-hip4g-mr2xk-mfh7f-dmdx3-jlzkh-tcr7k-7ae,11760.44871
oyi6q-75cb6-ak6nx-aycjj-w27lp-cl73v-kyhwi-5qphi-pbuc6-nbafe-5ae,11760.44871
zvfyq-2y7is-lmj5i-6ecee-l4la3-j6wpi-tvku5-yrne5-eiwyk-3zvxv-fqe,11760.44871
6rpic-zjvow-l5omn-23wu6-v7ym3-qzics-52uwi-romgu-iqp46-qks6p-kqe,11760.44871
e5so6-khwum-qxepa-sv2lo-iowb5-l45zy-27m7k-mzory-cihe2-oi53a-kqe,80513.84114
sznjv-iis3s-k6a7q-sjawo-rsxyr-qtcwu-vxcpp-6y6xr-l5djo-tuvo7-5ae,11760.44871
g5bcy-ifeyg-6bdac-oi4ai-j2md6-32mcl-uucwb-w6jsv-ayo6l-nlgsl-dae,11760.44871
a3y27-igbpa-drfuy-mzihv-d5x7d-t56dr-dzctx-psoko-6lruh-ql22m-7ae,11760.44871
l5zp2-xohqv-bayyk-6oezy-h4qie-6uuoc-phlzi-prke6-ivhhj-kjq2z-fqe,80513.84114
aajhd-zmzfr-narqw-uymvw-clxvg-xl2gb-bjsn4-lcd56-a37dg-xj5fu-iae,11760.44871
qgn6h-il5yz-kgb7z-msi4k-puzvx-jaop6-q6c24-zlcll-u44uc-tq2r3-zqe,11760.44871
rp2kj-epmvf-ufrbm-hs3it-dymqe-lnr4x-vrbwl-on4tf-7v6cg-exgbv-rqe,11760.44871
3tx6x-zopok-3bqsy-76gc3-a5poj-srfqh-o6j4y-py6te-tfpbf-qrhnl-xae,11760.44871
2ilh5-wlfgz-i7w77-vkapz-przew-2hd6r-dtugk-ak3ah-ogiro-dypkt-lae,11760.44871
z63aa-7jbug-qigpn-3jhmf-ys4hl-7cjqz-hf37g-jn3fu-tzmq4-74ple-pqe,11760.44871
lpurk-uj6fr-okcbg-cduqw-wo5zc-t7nfg-wig4k-ksifw-ufjj4-mmkxf-kae,58802.24353
rw5ic-l3pi5-vaqfv-adz2k-ixxw3-ywqp6-qrtvm-b4khf-iuaq3-sxvrm-cqe,11760.44871
q6rwv-pddvy-6roer-wjb2o-laoxe-46xpy-5b34e-mzgrf-nkznm-ltqzs-xae,11760.44871
hzqqe-qcnfk-akv62-l2hwx-o4en4-txg2a-glsdt-pzbqg-rwasl-2yxz7-2qe,11760.44871
ds4vf-5svn4-hi3lq-bbbrz-5zu3f-omppz-xx55x-ryy7u-p47vt-yfnmr-bqe,11760.44871
uvwjj-q4mmm-thvxd-5juha-xl2nj-wg6ef-qrvrj-ebwko-pz6jk-ytmaw-aae,11760.44871
b4tnn-26go4-6kv6g-uth64-viuup-i5euf-ipxcs-z2zuv-eggv5-zfpfh-6qe,11760.44871
anefi-5xejf-vv77f-5naoh-jjxnl-geyfa-hfbx7-sgjlw-qfxrj-gdqx3-qae,11760.44871
s67d7-elvp2-dssap-cmtpm-4czvf-gsnf3-6vbmo-xsgkz-ocqjs-tngfu-3ae,11760.44871
6zg6q-e6ggs-puuzs-q53sf-jr6dw-jmluh-iyzpd-lbzud-vf2a3-22t3v-pae,11760.44871
jwsam-6vjx3-nyxqf-zl25b-et3m6-gq4dy-4rrsf-7i34r-o5plg-tjnsy-5qe,11760.44871
al26x-zgwiw-eoabq-lpxob-gbbfl-6rvt2-jrdeh-4xjqt-cx4nh-djkcz-aae,11760.44871
j5xig-k2upz-bzod4-5v3lv-irjo7-og7a2-2x7lm-ex2cm-gewzr-usviz-iqe,11760.44871
lnolp-yhya7-j75i6-jsusg-plllt-rghzk-3puhw-3k2ua-wheb5-owp7d-kae,11760.44871
boe2s-j3z5m-vdjbw-njgwd-nbu22-dnsub-ra2q3-mxh6r-5r6l3-gtax3-3qe,11760.44871
llkrm-qekua-zyzn2-35upx-dq7kb-lf2nr-kgqyo-sg5om-sawyi-blb3p-iae,11760.44871
jutvo-b4kxh-cqzas-pgktk-atnqg-r2jmy-rkkpr-xpjdg-xosyr-3a3m2-jqe,80513.84114
uarbr-phr26-zfyvf-unqt5-akkpv-enma7-tlp34-md3e4-5seem-56ha5-kqe,11760.44871
4ahfo-mxklt-tuq6v-cyf6y-yi2jr-iusnh-q2fej-a3art-ccyy6-6pjuj-tqe,11760.44871
owsqy-p7evf-yo2ye-banu6-fywln-y6hxp-vgtzm-5on4i-6kce3-7gr63-mqe,11760.44871
yzmoe-xsngv-zyhvi-qqeqe-wikz6-zzg33-z3xob-jspqa-3tg6c-jivu4-iae,11760.44871
vdywl-ekpss-6chrn-c6wwv-745vt-ukd62-j5xun-3kiav-kqv4j-6bvrf-hqe,11760.44871
fol2d-x7ciz-j2wzd-fq3wr-vysaj-zyxkr-3otp7-3657a-apbo5-hyp2u-5ae,11760.44871
oylir-wgqie-5bu43-5hegd-eijk4-wldpn-incho-kzyjx-2vcyc-z7cht-rae,11760.44871
grezh-o7bpw-6ak4x-o2yem-bpxhd-pvte5-j5qh2-kbyw2-f4qtm-d6tsz-3qe,11760.44871
imvrz-ljh7j-h5fhs-dwzdk-tlfvb-vyt4x-xblkq-beziz-mbnie-qkuop-bae,60611.54333
cp7ax-2fech-nbsya-266vi-t7gu3-mtrj5-uftph-h4tca-lxh3z-larum-dae,11760.44871
2ifct-vrahg-5k7cq-cs3wp-2xges-q7sp6-gxwqu-xpmw2-prkqj-s7bam-2ae,11760.44871
3kavk-2q5ve-7rpgk-ocfwu-7xwpd-x6lpe-pylbp-u5xaz-qbzrq-hoheu-lqe,11760.44871
ubk2a-oblc2-y73yu-huy6g-5tug4-p3ehj-wz7ky-56bhc-ojmpp-5qnbz-jqe,11760.44871
q2jwe-uqihw-ndqtv-gcsk4-4pk6k-2wcwz-2mwtd-qsj4d-vkwet-t4l3f-mqe,11760.44871
vdxqn-257q6-rg7lk-twcys-abwb4-jxrjm-lgeol-ie5li-txx3p-yja65-5ae,11760.44871
hzuvu-xjoet-o45zc-fkisg-vz64q-bvvrg-yerm2-zvgf6-oiqnb-vdl7s-uqe,11760.44871
h4syj-bprrm-7rkia-i3fzf-t7vsz-4sf3f-w4c6o-xra7b-v4zqf-blj4l-lae,11760.44871
ott55-3swmy-hder6-ggg6u-nwsuq-fq4vf-q65zn-jxmkv-cnnpr-amscu-qqe,11760.44871
j4ziw-rzwyr-lb7w5-yhtsd-wjn2p-52lf6-manwd-byn3r-5a4il-pykqi-zae,11760.44871
h7d6n-jjkdm-knx3s-z2xg3-bqlzo-e7fwt-gor5c-ztuoz-jyudo-cnze5-aqe,11760.44871
rndhu-lr6j2-3knar-2bdjt-rgmi5-c4ul4-fbxl3-zocad-nciuq-pggse-mqe,11760.44871
okswu-6a2qs-pjdhk-hbzvr-zkq5j-dlvjs-qjcql-6vk4c-kvkph-ld6pk-5qe,11760.44871
27qon-4pgua-iorp4-wtx4t-fq3ca-gc2q2-cuypn-vx3ar-4nhts-hycht-wqe,11760.44871
xbs3v-vqe5i-k7orx-ugmo5-roqp6-dvu7f-yysvm-5fos5-7k4aq-fhwwo-kae,11760.44871
nozvc-kmdlf-hzm4p-rdydh-qtvmz-qwsm6-iu2ze-rthc5-nvyrg-3kvlw-rae,80513.84114
nzwzd-suony-rq2v3-vlgih-yjzph-qv4kt-txr3t-oq3xr-m6xpm-mdlml-rqe,11760.44871
mnvnq-efqji-o25p7-3nnup-24hjf-bbukv-eyrdi-hrncq-zprr3-tktt6-aqe,11760.44871
7ofjf-xpqa2-yvugu-7t2f5-mwka7-4kv2h-5l2ky-umcax-q5mv5-ht27e-mae,11760.44871
q6327-52zbj-xyfmi-kfcam-kmdm4-bkzrm-6zmnf-kgdiu-fkitx-azd2m-2qe,11760.44871
wggia-xxgaw-i47pp-zld55-vnncg-f6fsr-sumve-4f3lh-tiucz-rtzqg-wqe,11760.44871
pqnvw-ov5oo-r2dde-azjgo-trsfi-42yhs-yqcpm-yqo4h-i32y7-pyovc-4qe,11760.44871
tmfi2-ihc4f-wphx3-suwje-cr2gq-sgk6n-bnzli-6joex-fouvx-vrjvb-gqe,11760.44871
sxvpx-2aqte-tqytv-b2yuv-bwvyf-dnexk-zqgn2-tqk2y-kznq4-t6dyu-pae,11760.44871
lbhis-pmrgk-uofes-3jkzw-kk32s-v2web-keu6p-t3st5-jbh6e-jjuz4-hae,11760.44871
gatmv-dxt2l-xbqwn-mgkhm-fipg5-dln5o-lfv5v-vcfwp-j73ei-jw2eo-fae,11760.44871
bnva6-w2lsm-krgox-taq7p-naoi2-jnmg7-6r3lk-7zrl6-rjpvb-gont2-fqe,11760.44871
rq2zq-lfyq5-giie3-4orr7-2pqzj-5rfyp-ebh7o-4axm2-sjezj-oaugh-5ae,11760.44871
klid5-cova4-lw62b-yfitn-t7rfj-cdmuv-btkru-vxty6-ob2n5-l4tfp-bae,11760.44871
zfewy-2uxev-7f7ma-lhrwx-pld44-5om7h-7ykmj-6ryul-rqme5-mbdfm-rae,11760.44871
cevfk-npo2e-bmc6f-dd4ms-uw5ql-ak46h-ywqh4-7hrxi-4fecs-din24-gqe,11760.44871
utcjz-ihfkc-3gpi4-bd3zi-7p2r2-p5sjs-hagx4-mra22-ueysk-k37c7-jae,11760.44871
34vmr-26fyb-okbzu-5ibb3-5gotg-ifrps-hpbxl-yjcth-xiuin-22asi-7qe,80513.84114
v2aol-q3pcq-on5fk-ydveb-p7u34-upncp-v2av6-fzfpe-s3vul-6i6fu-xqe,80513.84114
7jyk4-iov3v-lwkhq-tetey-uj7dn-d5y2x-hgaxp-54as2-r6f74-w6egw-qqe,80513.84114
siujn-6c3xw-jkjmf-xqmdo-bputg-k5xjk-osm7o-d2dxv-5hy7u-wanss-2ae,11760.44871
enkz6-6jlkg-noakc-gqamc-nctq3-kvwlw-uhefo-w3k2q-fgsvj-sn7td-lae,80513.84114
6sgfn-kfgva-2r2dt-ycxyx-4scpg-tole2-4urmq-wt2mp-kld5y-2hmg6-uae,11760.44871
ovdsc-yfxer-7tura-wmzch-lzyk5-i6xss-rqoln-lpy5z-dzt7c-l6xtb-aae,38899.94572
qbcl3-u5f37-5i5tr-wy3im-ii74r-qv2jl-ivf3f-irncr-b4ry4-ctyar-7qe,38899.94572
kvgpm-6k25w-vlzlk-glsia-7lzwb-sk5vo-7wkxd-bie2p-krxig-v433x-eae,38899.94572
de2vy-mhi3t-4wkuc-ioom5-3znvm-ejseh-dwz6d-nncuj-7bo6l-qhcuq-cqe,38899.94572
h4bfl-254zy-l775a-uq3wf-lhyyw-cmg4g-mynwe-ob6tg-psu2k-seuek-wqe,11760.44871
hc3bm-c5qem-m5fla-p4xf2-x7cw3-3vhgr-mrxta-lowmv-zxga5-a2jq4-kae,11760.44871
qsk6v-2pspc-iiw6q-73mni-sg4ep-fwiso-p7wio-hxr6o-qzw4c-oj4nq-eqe,11760.44871
oykf2-l44ge-uzwt4-nwupu-2doyh-7fld7-nu2fy-clbmn-2scpq-dmi4j-oae,11760.44871
sl3tr-u5v7g-6kg3y-2qsil-yfm5x-phb2s-hrw7s-xvzzu-5f2o4-z5vws-5qe,11760.44871
rpptx-ahilf-slvpz-en43j-5dhiq-2ij4i-mk2cs-55c7u-qvyk2-32anu-fqe,38899.94572
2inbt-4h6uu-xuzml-tsu46-add52-e5kdo-uj4us-xkxzj-247ov-rifc2-gae,11760.44871
2hqnn-zk73c-7mu35-ac4bi-mhmac-6vtox-27h2u-2n25f-4uv62-tasxq-eae,80513.84114
edclq-hjafb-ys6u2-y6vrc-vpxm4-zhmud-qrx4s-thxis-eiapj-glth2-2ae,80513.84114
462ob-r7hsv-adww2-eshy7-24prx-3wos5-qkesd-45zms-w5kyj-txmwy-gqe,38899.94572
66o2n-pus7i-zzh5h-4sfl5-gir2d-4o6su-ypexh-hph4e-hhc3n-sqrgp-pae,58802.24353
pvwdk-qbg24-qrhob-ivpik-3vdjw-zrzcn-ow2jm-db7ig-j4gpg-qf5yd-fqe,58802.24353
odkgs-hicox-isfjc-h63au-q7bje-oxvka-oxa3c-avwpa-qhz4p-4bfl4-zae,33472.04632
soutm-ktcz6-xwi7d-bjyhx-au464-mbeja-qvav5-74d2t-2mdqe-rztpo-3qe,33472.04632
6j24p-5gbm6-vlkap-4ms4e-tkq4f-6lo35-mwjuv-gvhqc-bukhz-nscww-iae,11760.44871
ozrix-czcp6-z44vo-vsa36-3ne3t-5jczs-qa3sd-d753o-h43rw-njkbn-bqe,11760.44871
pn4qu-zyjdb-y6c4u-ogqhm-dketc-hdmtn-iddtn-ix2vk-l5bpl-ke7dv-xae,11760.44871
mfrjn-oowpz-lu6g3-dj3ky-oxnzx-uyjp7-amuft-ujixa-slocy-fecdq-mae,11760.44871
rfcm5-7lwvx-muksf-sb4ip-lqq2l-pqmfi-gsv6m-rtdyw-ohptp-dlpyd-3qe,80513.84114
mztuy-wnodq-cqmxj-opxgj-fx5yp-ax6zz-6svnv-5hwjk-vpxz5-3bqi4-iae,80513.84114
isyej-mfchu-rpfv3-cs7a2-2uieu-j6ewm-en3hk-jug6o-sjx27-s2jf6-jqe,58802.24353
gcvjx-crm34-cmkbz-eoqxz-ebf5j-mx6vc-eydov-qsfsb-v4w22-qe6xe-wae,11760.44871
yyp26-slsbm-c5aqx-akmrb-kzmvm-rswwd-jlzlg-hk5tj-ye23n-6lvs5-sae,11760.44871
dargo-ytsst-uqsdo-hkgt5-mo4yz-ak2dp-3xm7d-w7jnj-huinb-tyvkp-vae,33472.04632
lawoa-dbjjv-apjys-2yc35-6b6q5-k5y56-nw3vj-w6a7s-dl4bb-pxssk-iae,11760.44871
mp7hb-ccdof-btycj-yx2ui-hqses-le2u7-4tpdx-b4j3e-rciqd-jdsnb-sae,80513.84114
kezw4-sswu7-fm6np-4gumx-t7efp-ngjgd-rs3pc-377c2-rmmkp-2t6pz-iae,11760.44871
q7424-bibvy-unpxz-7l5ka-vs55j-qm646-qh2x2-jhy7s-nbx65-jc6dl-nqe,38899.94572
6vjzr-4myqq-lotcu-jpkdr-prbga-7t33z-ixgtg-twobc-rddzh-j72br-mae,80513.84114
fsvfy-ojy6b-gucey-i5xdw-4vgao-oih7g-3dxux-oip73-ncwdq-oiy7p-lqe,11760.44871
e2u7y-3ynva-3dqvx-gmomp-khyqt-mg7lp-h2bfl-67ik5-ablvh-bewuc-xae,11760.44871
c6sy3-llb55-hqgc5-bsqms-4fmub-hcrpn-3lg6a-ivlys-ycqyr-xtpig-wae,11760.44871
3agkm-x4xab-3mssg-srpjf-ot4ko-loeuo-vneih-3w2pb-sugxe-eis3h-6ae,11760.44871
skfnf-zspm7-p3jh4-nbg7g-6apyb-nkzc6-e3pcf-qxx33-34wly-att6j-4ae,11760.44871
ymv2r-xyfk2-wnhjd-yjsvm-xpfl2-edjbn-l2i2z-k27oo-cpq2l-b6vut-nae,80513.84114
sb7pf-fxntq-rou5y-fy42f-hcq3x-77vhh-jtkqg-gcboz-vvmu4-yiyn6-6qe,11760.44871
brkwv-bhvno-pc4ok-44kc7-pvlmi-6mkjb-yvlty-fot5q-sxqwm-ztmcg-dae,11760.44871
qddab-iioeo-ftnnk-c5fxb-iwcy5-wrv7v-cmlvx-cx4so-mvvke-wueee-yae,11760.44871
ojy3e-pg7r3-xszjz-qptwl-u42j3-ko3xt-w4yls-pjdny-kweg5-uihzk-vqe,11760.44871
wjbzt-hcl5p-yu4ob-wnyev-dcvd3-lqjxs-2xlwh-m5ea5-tvmk5-z5z73-nae,11760.44871
ngvnk-p6yix-65hnt-i7exm-syjiu-uvjv2-ghhib-szloa-d3hif-lr33q-nqe,11760.44871
sq7d7-cm3tu-lwtml-julm3-cefyt-vkxvt-u2nw2-tkxwx-fqice-c5pha-pqe,60611.54333
mrmpf-upa7f-pvxlc-2s4pb-qmouh-hnzni-gm77g-sl6dm-6kzqv-7momr-hae,11760.44871
zyjw7-3nazb-q7cex-g2qqk-irv2k-c5jcn-iehd4-t5lbq-3jwe5-igd6d-aae,11760.44871
2tuuw-6dloc-5a5kz-tkjg2-mymvp-qjzjb-2h2ls-niiad-ygc4k-n5fix-pqe,11760.44871
qo25h-yf7mo-lp7jy-czdfl-fngdb-eif2a-xow7y-5sl3r-4ikff-2bi5t-uqe,11760.44871
vs2vw-flqb2-mr27d-afqmf-n2bls-wpiou-qbecv-u3lu6-ucrdl-wgopx-cqe,11760.44871
gg5lf-dsf23-zsklc-dcyjs-pgpxd-tnio3-n5bje-lvvr4-cn6cj-g5cog-jqe,11760.44871
ik3pj-m2xeg-5tuf2-4a736-yobbf-m5w4b-ogers-pdmwg-wzppo-jzw6i-yae,11760.44871
xhpam-jh3lx-m2vje-ssv3j-kx6hv-ijzin-5pp3a-pcs4a-f2iez-flzni-mqe,11760.44871
4bwvq-mdsxl-2i4od-kcdup-fgbkp-n2qzf-63ik3-zoucq-bk4fy-gtkp4-pqe,11760.44871
lxlsx-j56sp-52dkl-47acx-2ad2a-jvzcj-kj4bf-44t6s-uwhhq-a2jcp-uqe,11760.44871
psg7z-37qzf-kfq72-zinmh-sunsl-mhcig-6lnnd-ohv5b-cdssn-bmjbm-hqe,11760.44871
yshpo-h6oro-2v6vf-7bg2u-cmxtv-ssapn-zcjeq-ne3hm-zba3y-q6g2b-oae,11760.44871
y4qje-3g4xl-vpv2m-ja5zs-gihs6-ytc5c-ojaoc-s67vi-se2pq-oc3nz-2ae,11760.44871
24vl7-ri6kd-6k2ss-fhftj-lufct-v2eda-o3d2c-n2g22-n5t6v-5wzta-3qe,11760.44871
nfkzb-pzosw-iw44g-64h2s-em7wr-3ik2m-txyvf-rzgj7-pgkt2-dtmkk-tae,11760.44871
suwdp-nfja7-3b33f-oyyrs-2z77m-oxsny-zo2e3-nnhkc-grqyx-kqoxf-cae,80513.84114
2rct3-tw3lh-ykmov-ky4gs-put4g-vrbfx-kgigr-axhcp-so7xg-6nfeh-iae,11760.44871
orllv-iswhl-oq2ex-tjtly-yfjqn-s2gjq-t23po-mp27h-a2yxx-2tw22-6qe,11760.44871
nbb7u-tx6ih-v426j-f7vas-qkivb-nzsf6-jrpbe-giqea-chken-cihx7-hae,11760.44871
by5j4-wcpbc-2rsvj-zreps-kvrr5-lj3y4-ds53h-ryguy-7qh3u-nkj5s-aqe,11760.44871
jsgff-g4hpg-kuze4-ihap6-5iqyo-go24u-zh4oc-7k6wy-lhlkl-wzinp-tae,11760.44871
2dkrd-qfbkm-6www2-3rzij-yzoyj-7qge7-xiyms-tfgha-34ddj-wupby-fae,11760.44871
cbrci-ain6p-udstw-azyw5-b4qfb-p3oa5-fissm-x6tte-hyywe-xi64k-xqe,11760.44871
s7kza-5pquj-q4tvq-djczq-c4xka-eu6ml-a56pp-qtms5-qcjte-jxq76-tae,11760.44871
gqjse-n3st4-zgc4l-5mz26-ogwgv-747le-hyxjz-mkimd-jzyl3-zzod5-gae,11760.44871
7btj7-e53lk-z7sf6-b7x3y-57e7f-4qvwy-n6xbs-lu6y6-vvxth-nvgoj-cqe,11760.44871
4ylwc-7zq4a-omzh4-py7ye-hroj2-fanxf-pyaod-kyi4i-f4xcc-eeykp-xae,11760.44871
wxyfi-r6mvf-3ns3b-fymtp-5ewfk-bmrni-hq3yo-3lao4-waytg-cyzae-wae,11760.44871
6h5f2-r6n3c-orabj-2k6h3-ks7wc-cgo5q-z3vqo-ydzbg-xbgqc-zvp7x-zqe,11760.44871
74xnj-x3uxc-567yz-ud7oj-qox4k-3tv3k-nc2od-o4eef-ec5aa-pjwud-qae,11760.44871
owsy7-p6pk7-p3zbi-b5qh6-ryxsz-m5n7n-jodno-kkxkg-xfchg-akual-3qe,11760.44871
va5xy-4dzpv-qk3wb-c5ben-f5t2g-qyrje-tn3s4-ututv-cxngk-b7ooo-nae,11760.44871
w7oka-icqlc-xo5d2-ny5q2-np57z-vdzb7-fjjdt-uxart-n65jo-dzl6y-lqe,11760.44871
44ykq-nw34t-clgcs-yqjxo-jw576-qkgjd-53pmp-yuorm-fkhyc-inegn-kae,11760.44871
3d7mf-asvoj-oh5gm-hz2vo-hkfk5-okc4l-xi2vw-qcm5u-skvc5-jzob5-7ae,11760.44871
g7jyi-jr7ny-ceihp-64nll-h6ln3-5ktus-rmpds-4uulo-2uw6p-hgbvu-bae,11760.44871
l6ymw-ydx3q-chozd-gull6-3mnne-atnfe-nfye5-zhjoh-qcp2t-jexve-zae,11760.44871
wvvmt-7sxm5-lcfrk-vblgr-7m3ms-tj7r3-os4ua-ei2xj-4hlx5-q2gu4-bae,11760.44871
iq2sh-ndgi5-otdzm-kyhrg-fyyem-my7ni-2a7w2-stuqo-nv6sa-xid5z-zae,11760.44871
vxteb-w434r-pkcpi-2slnb-gihih-dlkek-4lwho-pmj4n-nnea2-gk4pb-6qe,11760.44871
swol4-7jmtf-ay5fl-5renq-ommqw-cnir4-vjnqj-jirtk-ytkjc-nyh7w-tae,58802.24353
tq43u-yv23y-dmyt5-tqibc-zirlr-hgqau-sw4fi-wkdzt-tsvqx-hchu2-5ae,11760.44871
lu5rn-p55ju-fb65n-wo6br-owmwy-kf6s3-364od-ib7ki-st4ps-lipkl-uae,11760.44871
qvljw-cwibq-tklvr-aycci-lzksw-2wgjz-qto7c-l7nx4-nxkjp-gaxoo-hqe,11760.44871
4cmcj-5fkzm-7ovuf-jybek-bbltg-6mhsc-ljmsu-nkzzi-v5lq2-x46it-oqe,80513.84114
a7qeh-hgezc-3wkiy-xreav-67o4c-amfsi-w55mu-j2yki-wkdsy-ufvqo-tqe,11760.44871
gxeqd-yko7j-unvqg-estqb-bqv22-27c45-oqqe6-37gp4-53a6t-fou3y-vae,11760.44871
x47ek-ejys5-cimze-gcymj-dlxcl-pmpa6-iygbr-6wghc-wq4s7-z6dau-sae,11760.44871
7tauv-b2lwf-sl7pi-6fwno-pfqa7-ltc35-qtsks-qewnh-rcnh4-jzi4y-yae,11760.44871
ym2cs-osw7k-fw6am-z42tv-wkdqg-t67xd-fj7m4-eosk5-tvhjs-sdd7v-mae,11760.44871
h5ztv-d44ry-kqet3-ata7v-meq3b-vo3cp-hymgo-bfkxi-iyjrz-pvepq-hqe,11760.44871
boaen-mnh3d-xuuj5-rwvrv-vcuz3-emamh-usdnv-wajun-d5jmo-nfxz3-hqe,11760.44871
5jchr-hdeuh-5qezj-hq6m6-qxdwf-5mzkf-phpv7-x3rqb-v5qtg-vwiws-4ae,38899.94572
xv3x4-glbog-sdsuh-hs2yl-cwuzk-o7bwu-i3f64-grfhs-dcqtk-r3t3j-oqe,11760.44871
etybh-tdr7r-s6tkl-kpsdf-7t7ao-i6za5-bcol5-ekzqz-ftsr5-nb35o-mqe,11760.44871
5tvbx-yktnz-pshpk-m3ymy-omiwl-e22kv-hlryj-foj36-kppb2-dyyzr-eqe,11760.44871
vhold-6gjie-a4ioq-d4qg3-ar2cg-euohn-37nbh-qtqxd-3kner-sv6gy-2ae,11760.44871
ersn4-f4dc3-ekoxi-yzixf-hj43n-e7s5v-sqrrr-hhdqz-uez5q-grzef-mqe,11760.44871
ox2on-7js2t-4xhpf-j4aoc-m6yzc-3q3zj-fztnm-czp5z-jj666-52jzh-zqe,11760.44871
t56i3-xjpxu-sgjn6-etrq3-boacg-7xd6x-wsfsv-byuj7-5hbhz-l7bev-fqe,80513.84114
cu2jd-sfe5q-uaoz7-bdl4k-dtvha-ndtcq-u4ysi-hpgqz-q7xxb-nmwyd-6ae,11760.44871
lj6ch-dqkfe-oq62k-nfoxt-jwfsk-zojyg-acnss-snb5t-rqs7j-coipo-xqe,11760.44871
lnld4-pwbdt-wvzd5-i4kzr-ckqdd-v4jxl-kncb4-vzjix-3robr-reczr-iae,11760.44871
urfvk-fbqeq-5jzcl-szcwd-32jtd-xdjaj-aaizy-cfr6a-rjtim-yraoj-qae,11760.44871
x53ox-2u7b3-rc7at-u46fp-slfd7-jxbo7-7wkhj-mgefn-arr67-nnsmx-yae,11760.44871
gcnqg-tbcwe-k6cuk-udkjr-46xxt-k7n2t-uylef-eubbb-s2t4o-capol-xqe,11760.44871
jcwt5-yw7qb-473x6-x6uuv-orngj-pymhi-tazrd-jlzox-37wun-rg7lr-tae,11760.44871
upm4k-wv72y-4xnyp-vms3j-yyxd4-sk5ei-acocu-3oxgq-4dnop-soldp-mqe,80513.84114
zx5gz-z5txj-6lb75-igwlm-v7c5b-pa33i-5wm3w-ten4w-hlupm-w3hzd-6qe,11760.44871
yhnrq-xocro-gntdy-7mghv-7cmyo-ue2hj-ravaz-sdbfl-ne5i4-kcmv5-5ae,11760.44871
mhmcu-be64r-p3fh2-sx7zi-kqinn-bsk6m-5ghy6-3yjol-27xcf-fmzqj-iqe,38899.94572
3ztgy-slpjs-k7ols-nohgu-hq6sr-khvmu-hpcps-clyd7-tbajc-rzdik-qae,11760.44871
qldp3-cinnl-geeia-awjhw-bb5bg-3mcma-qpqws-fs4mo-kknqq-am3ls-mqe,11760.44871
2aujw-tgvbq-qkg6v-i6552-uxwwi-ltlge-leok7-lnepb-frpzu-xjb67-7ae,11760.44871
wx5qk-6ijfw-qmlxd-cz26s-rj5xl-dl7hd-fjigz-vecwq-blzpd-7dbg4-wae,11760.44871
x522g-cjfoz-2vg52-egsh5-nuiam-hcknm-vfn5d-26eea-e3dc3-tl3ni-5ae,80513.84114
d5kw7-ctua5-wcp6v-ok2ly-fs3pg-zvjag-wx3eq-cjgzd-dog62-x63wt-eae,80513.84114
ynz3p-irjao-4pbpe-5mg3p-7c6ha-ezgzt-unsld-yzwvo-vq7el-bpa2a-iae,11760.44871
thmqc-cgpxi-wm54x-exrqg-rpchw-r7uyn-kex5t-bhouz-kaglc-5xjh3-pae,11760.44871
xp3on-vadmb-dxo4d-2gjec-23wsp-nkfyn-uu6mu-e2e4n-l4vth-jmasq-eqe,11760.44871
yhrj2-x3oxe-5tgnd-5kjqq-p6mod-mxlmu-ond7p-i52i5-kju64-vztuh-yqe,11760.44871
glrvi-552se-m6pha-x2ubd-ql6yp-vxq2e-yws34-wzn2f-kiz45-agzcd-vae,11760.44871
ntmyt-7itm6-cczup-dikci-2sehp-46ezq-bhloh-kixy7-bkeex-w3vkx-2qe,11760.44871
xrcuv-y4ufi-7fli2-bffep-c3emf-fy7gf-xvzmc-xppfh-eafy2-hza23-mqe,11760.44871
6oxur-exejo-6wc23-n5bao-zsmmf-hvs5b-3su4t-oqfam-ejxql-sba4e-uqe,11760.44871
pmfvw-4lnca-lhac2-cjgjf-scnbh-pno5l-da4qb-blyph-yjran-bpvfw-vqe,11760.44871
hpjnq-dijpv-jhjmq-xcpmy-4nbyv-mfmnv-cgdev-pkg4s-xgnqb-h5xev-jqe,11760.44871
7m6ky-yk7yb-lhzip-7xk3h-tzxwy-pabe4-e3hp4-z4xhi-62d2w-lhtdj-qqe,11760.44871
o33eg-7fzns-mwhxy-2bjrm-ula24-4evyn-hueps-q5cmx-eshgu-uzsjp-nqe,11760.44871
bg5d7-nvqwl-5kt6l-5ng25-ry3en-i6ss3-inczw-xezpt-43nga-nqwg4-wqe,11760.44871
r5dkh-cinhh-f6k7e-g6xpk-heu73-qd3ba-74lt2-g7vrp-lyg74-fdevi-7ae,11760.44871
6ii6p-tfycy-daq5z-emksb-shkw6-fr2rx-zq5pp-u2qkd-ork5k-eik75-eae,11760.44871
7djfz-jusk2-c4p7z-tmilu-p3epc-2q2gu-y6oze-ueifk-hl66n-xzhtb-gae,11760.44871
mcywa-cq2cj-w7tzd-t5bde-mwhhc-35vge-ly4yk-lxnrn-epjmx-t2e5b-uae,60611.54333
7krxl-wprm6-3fcr3-sxblk-ipwxn-2oxnb-rr6um-q3wb5-66vgn-humcu-bqe,11760.44871
e3esj-lapvn-n4clp-6tx5h-5rkcr-f4ge7-el2dj-welsr-q5qot-kcpve-bae,11760.44871
4qbfn-ef5le-pa2qh-3ahzz-4jguj-uahp3-iewyb-3lvqn-gtk5e-fayda-wqe,11760.44871
m3tvt-exztp-hcvcu-pilzc-rgeni-bckl2-cymsi-gi3in-r5s6a-o2jsv-3ae,11760.44871
cacnc-cdcb7-c32y4-4z44s-legcf-bwzct-3lkuh-gi3kd-nwe3j-lflsw-nae,11760.44871
gy6d6-as5kw-kmjpa-oar4b-prsgw-ry2r5-32eso-ku5jg-n24nr-7fe7y-3ae,11760.44871